{"styles":[{"name":"h1","font":"Helvetica","size":24,"color":{"red":0.8042623299319728,"green":0.21910626803248526,"blue":0.21910626803248526,"alpha":1},"alignment":4,"spacing":null,"lineHeight":0,"textTransform":0}]}